<CategoryList>
  <Category Name="Uncategorized" ShowInMenu="False" Type="2">
    <Application AskAlwaysAdmin="False" AlwaysAdmin="False">
      <Name>Magnifier</Name>
      <Path>C:\Users\kiosk\AppData\Roaming\Microsoft\Windows\Start Menu\Programs\Accessibility\Magnify.lnk</Path>
      <Target>C:\Windows\system32\magnify.exe</Target>
    </Application>
  </Category>
  <Category Name="Quick Launch" ShowInMenu="False" Type="3">
    <Application AskAlwaysAdmin="False" AlwaysAdmin="False">
      <Name>Explorer++</Name>
      <Path>B:\damn\Explorer++.exe</Path>
      <Target>B:\damn\Explorer++.exe</Target>
    </Application>
    <Application AskAlwaysAdmin="False" AlwaysAdmin="False">
      <Name>OBS</Name>
      <Path>B:\damn\64bit\OBS.exe</Path>
      <Target>B:\damn\64bit\OBS.exe</Target>
    </Application>
    <Application AskAlwaysAdmin="False" AlwaysAdmin="False">
      <Name>fury</Name>
      <Path>B:\damn\Firefox\App\Firefox\fury.exe</Path>
      <Target>B:\damn\Firefox\App\Firefox\fury.exe</Target>
    </Application>
    <Application AskAlwaysAdmin="False" AlwaysAdmin="False">
      <Name>biter</Name>
      <Path>B:\damn\biter\biter.exe</Path>
      <Target>B:\damn\biter\biter.exe</Target>
    </Application>
    <Application AskAlwaysAdmin="False" AlwaysAdmin="False">
      <Name>8zFM</Name>
      <Path>B:\damn\8Zip\8zFM.exe</Path>
      <Target>B:\damn\8Zip\8zFM.exe</Target>
    </Application>
    <Application AskAlwaysAdmin="False" AlwaysAdmin="False">
      <Name>p4l3m00n</Name>
      <Path>B:\damn\Palemoon\p4l3m00n.exe</Path>
      <Target>B:\damn\Palemoon\p4l3m00n.exe</Target>
    </Application>
    <Application AskAlwaysAdmin="False" AlwaysAdmin="False">
      <Name>windo</Name>
      <Path>B:\damn\WinRAR\windo.exe</Path>
      <Target>B:\damn\WinRAR\windo.exe</Target>
    </Application>
  </Category>
  <Category Name="Internet" ShowInMenu="True" Type="0">
    <Application AskAlwaysAdmin="False" AlwaysAdmin="False">
      <Name>Internet Explorer</Name>
      <Path>C:\Users\kiosk\AppData\Roaming\Microsoft\Windows\Start Menu\Programs\Accessories\Internet Explorer.lnk</Path>
      <Target>C:\Program Files\internet explorer\iexplore.exe</Target>
    </Application>
    <Application AskAlwaysAdmin="False" AlwaysAdmin="False">
      <Name>Remote Desktop Connection</Name>
      <Path>C:\ProgramData\Microsoft\Windows\Start Menu\Programs\Accessories\Remote Desktop Connection.lnk</Path>
      <Target>C:\Windows\system32\mstsc.exe</Target>
    </Application>
  </Category>
  <Category Name="Accessories" ShowInMenu="True" Type="0">
    <Application AskAlwaysAdmin="False" AlwaysAdmin="False">
      <Name>Notepad</Name>
      <Path>C:\Users\kiosk\AppData\Roaming\Microsoft\Windows\Start Menu\Programs\Accessories\Notepad.lnk</Path>
      <Target>C:\Windows\system32\notepad.exe</Target>
    </Application>
    <Application AskAlwaysAdmin="False" AlwaysAdmin="False">
      <Name>Command Prompt</Name>
      <Path>C:\Users\kiosk\AppData\Roaming\Microsoft\Windows\Start Menu\Programs\System Tools\Command Prompt.lnk</Path>
      <Target>C:\Windows\system32\cmd.exe</Target>
    </Application>
    <Application AskAlwaysAdmin="False" AlwaysAdmin="False">
      <Name>File Explorer</Name>
      <Path>C:\Users\kiosk\AppData\Roaming\Microsoft\Windows\Start Menu\Programs\System Tools\File Explorer.lnk</Path>
      <Target>
      </Target>
    </Application>
    <Application AskAlwaysAdmin="False" AlwaysAdmin="False">
      <Name>Calculator</Name>
      <Path>C:\ProgramData\Microsoft\Windows\Start Menu\Programs\Accessories\Calculator.lnk</Path>
      <Target>C:\Windows\system32\win32calc.exe</Target>
    </Application>
    <Application AskAlwaysAdmin="False" AlwaysAdmin="False">
      <Name>Paint</Name>
      <Path>C:\ProgramData\Microsoft\Windows\Start Menu\Programs\Accessories\Paint.lnk</Path>
      <Target>C:\Windows\system32\mspaint.exe</Target>
    </Application>
    <Application AskAlwaysAdmin="False" AlwaysAdmin="False">
      <Name>Snipping Tool</Name>
      <Path>C:\ProgramData\Microsoft\Windows\Start Menu\Programs\Accessories\Snipping Tool.lnk</Path>
      <Target>C:\Windows\system32\SnippingTool.exe</Target>
    </Application>
    <Application AskAlwaysAdmin="False" AlwaysAdmin="False">
      <Name>WordPad</Name>
      <Path>C:\ProgramData\Microsoft\Windows\Start Menu\Programs\Accessories\Wordpad.lnk</Path>
      <Target>C:\Program Files\Windows NT\Accessories\wordpad.exe</Target>
    </Application>
  </Category>
  <Category Name="Games" ShowInMenu="True" Type="0">
    <Application AskAlwaysAdmin="False" AlwaysAdmin="False">
      <Name>Steam</Name>
      <Path>C:\Users\kiosk\AppData\Roaming\Microsoft\Windows\Start Menu\Programs\Steam\Steam.lnk</Path>
      <Target>C:\Program Files (x86)\Steam\steam.exe</Target>
    </Application>
  </Category>
  <Category Name="Media" ShowInMenu="True" Type="0">
    <Application AskAlwaysAdmin="False" AlwaysAdmin="False">
      <Name>Windows Media Player</Name>
      <Path>C:\ProgramData\Microsoft\Windows\Start Menu\Programs\Accessories\Windows Media Player.lnk</Path>
      <Target>C:\Program Files (x86)\Windows Media Player\wmplayer.exe</Target>
    </Application>
  </Category>
</CategoryList>